Summary,Priority,Created,Resolved,Custom field (Category),Time took to resolve (Days)
[Degrade_SOxxx] Edit button is missing in user detail/ユーザ詳細で変更するボタンが表示されない ,Blocker,2025-05-23 17:56:00,2025-05-23 18:22:00,Bug,0
[CSV] Support package plan information in exported all approval records in CSV is not aligned to US/CSVに出力された優良法人申請レコードのサポパプラン情報がユーザストーリ通りでない,Critical,2025-06-03 21:09:00,2025-06-03 23:31:00,Misunderstanding,0
AD UAT 部署別回答数の表示不備/AD UAT Display Issue with Responses by Department,Critical,2025-06-11 15:44:00,2025-06-11 18:28:00,Bug,0
"SHyyy - News Creation - When creating two successive news items with the Top Page checkmark checked, the news creation is done without error / トップページのチェックマークがチェックされた状態で2つの連続したニュースを作成すると、ニュースの作成はエラーなしで行われます",Major,2025-05-28 11:18:00,2025-05-28 15:49:00,Bug,0
"Up to 30 characters can be entered for the store name and agent name on the editing screen, but up to 26 characters will be displayed on the form/営業店名、取扱者名は30文字まで入力、編集画面で入力できるが、26文字まで帳票に表示される",Critical,2025-04-09 15:16:00,2025-04-09 22:29:00,Bug,0
[Degrade]Voice Report images are not displayed in Owner Portal/Owner PortalでVoice Reportの画像が表示されない,Critical,2025-06-24 11:16:00,2025-06-24 19:41:00,Bug,0
"Survey brochure is generated as PDF in separate tab, not windows/アンケートチラシの出力が別ウィンドウではなく別タブに出力される",Critical,2025-04-01 21:20:00,2025-04-02 11:23:00,Bug,1
Survey input confirmation screen (SHyyy) There is a sentence without a line break at the beginning of the text/アンケート入力確認画面(SHyyy) 冒頭の文言に改行がない文章がある,Minor,2025-04-01 21:30:00,2025-04-02 13:57:00,Bug,1
CLONE - The wording of the Sales Portal Indicator-Status 1 is different. There is no wording in red under the button/セールスポータルIndicator・ステータス1の文言が異なる。ボタン下の赤字文言もない,Critical,2025-05-13 14:24:00,2025-05-14 07:36:00,,1
[Degrade]Survey Flyer creation was failed in SHyyy/アンケートチラシの作成がSHyyyで失敗する。,Critical,2025-06-25 14:40:00,2025-06-26 08:26:00,Bug,1
"[SHyyy, 140] When creating a survey for a customer of the HPM, the HPM division's handler and organization information are not displayed in default/旧統括団体の顧客でアンケートを作成時、HPM課の取扱者・組織情報が初期表示されない",Critical,2025-06-02 20:34:00,2025-06-03 14:27:00,Bug,1
SHyyy_アンケートURLが途切れて表示されている/SHyyy_Questionnaire URL is not fully displayed.,Major,2025-05-12 15:52:00,2025-05-13 10:48:00,Bug,1
No news item header is displayed on Owner Portal when a News with the checkmark checked is publiSHyyywithout an ending time / 終了時間なしでチェックマークがオンの状態でニュースが公開されると、オーナーポータルにニュースアイテムのヘッダーが表示されません,Major,2025-05-29 16:16:00,2025-05-30 17:26:00,Bug,1
Notification of【Application Form for Excellent Health Management Corporation completed】 is incorrect /健康経営優良法人申請書チェック完了のお知らせが正しくない,Major,2025-06-02 02:25:00,2025-06-03 09:05:00,,1
Release 7 additional text is not displayed in the header of the survey detail screen and description says status 1 to 7/Release 7の追加文章がアンケート詳細画面のヘッダに表示されていない。また説明にはステータス1～7とある,Major,2025-04-26 23:45:00,2025-04-28 11:55:00,,2
[Degrade_SHyyy] The link to the target details screen is not embeded in the notification of Survey completion/健康習慣アンケート終了のお知らせに対象詳細画面へのリンクが張られていない,Major,2025-06-17 21:32:00,2025-06-19 14:44:00,Bug,2
[EBP指摘] Cookieポップアップ右上のXボタンがマウスを重ねると、不要な枠が表示される／[EBP_headsup] The X button in the upper right corner of the cookie popup displays an unwanted frame when the mouse is hovered over it,Minor,2025-03-25 18:44:00,2025-03-27 11:55:00,Doubt,2
"When editing survey detail screen, perSOxxxn charge and department fields are not mandatory, but if they are blank after entry, error message is displayed and fields cannot be saved in that state/アンケート詳細画面編集時、担当者・担当部署名は入力必須ではないが、空白にするとエラーが表示されその状態で保存ができない",Critical,2025-04-19 15:39:00,2025-04-21 10:42:00,Bug,2
"[SHyyy/190] If we login with different user, which belongs to same branch with survey created users, after clicking 'Get latest information' button does not change handling perSOxxxンケートを作成したユーザーと同じ支店に所属する別のユーザーでログインした場合、最新情報取得ボタンをクリックしても、取扱者名が変更されません",Critical,2025-05-31 22:51:00,2025-06-02 23:01:00,Misunderstanding,2
ChannelUAT#1_HPM Approval Check Support Application List Inadequate screen layout/優良法人認定チェックサポート申請一覧の画面レイアウト不備,Major,2025-06-24 11:06:00,2025-06-26 16:40:00,Bug,2
[Degrade]One Point Advice The header of the list screen is not displayed.ワンポイントアドバイス一覧画面のヘッダーが表示されない,Critical,2025-06-24 11:21:00,2025-06-26 17:17:00,Bug,2
MO060 -　Content that is not included in the user story is visible in the email/ユーザーストーリーに含まれていない内容がメールに表示されています。,Minor,2025-04-25 20:51:00,2025-04-28 09:08:00,Misunderstanding Issues on ALJ side,3
No space between the wording and the annotations in the survey flyer/アンケートチラシ内の文言と注釈の間にスペースがない,Minor,2025-03-28 21:18:00,2025-03-31 12:03:00,Doubt,3
"[Degrade] Even if your survey status is closed, you can still access the Survey monkey response page/アンケートのステータスが回答終了になっても、Survey monkeyの回答ページにアクセスできる",Blocker,2025-03-28 16:39:00,2025-03-31 14:53:00,Bug,3
[CR]ChannelUAT#5_Company information and other information can be edited while the FB SHyyy is being created/FBシート作成中なのに、企業情報等の編集が可能,Critical,2025-06-23 16:06:00,2025-06-26 17:04:00,New requirement/Change request,3
ChannelUAT#4_Error in processing receipt of HPM approval support/優良法人申請サポートの受付処理が行えない,Blocker,2025-06-23 16:19:00,2025-06-26 18:11:00,Bug,3
"セールスポータル・アンケート一覧に遷移すると、グローバルメニューが3件のみ表示される／When moving to the sales portal - survey list, only 3 global menu items are displayed",Major,2025-03-21 18:23:00,2025-03-24 21:57:00,Request for environmental support,3
"旧統括団体顧客のアンケートでFBを作成すると、FB作成完了ステータスになっても作成完了のお知らせが出ない/When I create a FB on a survey for a former governing body customer, I don't get a notice that the creation is complete even though the FB creation is in the completed status",Critical,2025-05-27 15:59:00,2025-05-30 20:03:00,Bug,3
[Degrade_SHyyy] Pressing the back link in the news distribution settings list takes the user to the test environment/ニュース配信設定一覧の戻るリンクを押下すると、テスト環境に遷移する,Blocker,2025-05-23 10:45:00,2025-05-26 17:04:00,Bug,3
[SHyyy] [Degrade]Feedback publiSHyyytton remains inactive whether one or multiple files are selected/フィードバック公開ボタンがファイルを1件でも複数件選択しても、非活性のままである,Blocker,2025-06-02 09:59:00,2025-06-05 22:30:00,Bug,3
[Degrade] PubliSHyyytton is disabled in SHyyy screen/SHyyyの画面で公開するボタンが非活性になっている,Blocker,2025-06-02 19:22:00,2025-06-06 16:56:00,Bug,4
セールスポータルのアンケート詳細画面の業種と業種その他が離れて表示されている/Industry and Other are displayed far apart at survey detail page of Sales portal,Major,2025-05-15 06:56:00,2025-05-19 08:21:00,Misunderstanding,4
"When applying for HPM approval application from Cockpit, there is unnecessary space between the text at the end of the information email/Cockpitから優良法人申請時、ご案内メール末尾の文字に不要な空白がある",Minor,2025-06-13 23:56:00,2025-06-18 11:25:00,Bug,5
The multilingual flyer does not have a postal code symbol (〒) in the contact information and contact perSOxxxection/多言語版チラシのお問合せ先・担当者欄には郵便番号マーク〒がない,Minor,2025-04-11 20:50:00,2025-04-16 08:26:00,Doubt,5
テスト環境のaxa-hpログイン先が本番環境に向いている／Axa-hp login destination in the test environment heads for the production environment,Major,2025-03-21 18:14:00,2025-03-26 10:16:00,Request for environmental support,5
"Owner Portal Indicator1, 2 have 'Survey flyer download' button. The flyer is not outputting, and the user is redirected to the download screen/ オーナポータルのIndicator1, 2のボタンが「アンケートチラシダウンロード」になっている。チラシが出力されず、ダウンロード画面に遷移してしまう",Blocker,2025-03-27 11:56:00,2025-04-01 16:54:00,Bug,5
"After changing, Industry Other⇒Except other, create EngliSHyyyrsionYes ⇒ No, pre-entered Other industry or EngliSHyyyme is displayed in the Sales portal's survey detail/業種 その他以外⇒その他、英語版の作成 有⇒無を続けて切替ると、以前入力したその他業種または英語会社名﻿がSales portalのアンケート詳細に表示される",Critical,2025-04-23 12:02:00,2025-04-28 22:09:00,Bug,5
"When entering the name of the perSOxxxn charge, the right edge of the field is slightly cut off and difficult to see/取扱者名を入力時、フィールド右端が若干切れて表示されて、見えづらい",Minor,2025-04-09 14:38:00,2025-04-15 00:27:00,Bug,6
"ChannelUAT#6_""OwnerPortal"" tab title misstatement/OwnerPortalのタブタイトル誤記",Major,2025-06-24 11:57:00,2025-06-30 17:25:00,Bug,6
郵便番号の記号が外国語版問い合わせ欄に表示されていない/Post code  symbol isn't SHyyy on Contact Info of Multiple language flyer,Minor,2025-06-26 11:19:00,2025-07-03 18:16:00,Bug,7
MHzzz - Industrial Physician Program Accompanying Explanation Request form for CCI users is referenced in the FA email/産業医プログラム帯同説明依頼フォームのCCIユーザー向けリクエストフォームはFAメールに記載されています。,Critical,2025-04-29 02:22:00,2025-05-06 19:29:00,Bug,7
[Degrade] - SHyyy - Degrade on News creation component / ニュース作成コンポーネントのデグレ,Blocker,2025-05-29 14:10:00,2025-06-06 13:58:00,Bug,8
"[Degrade_SHyyy] LC advanced application, number of organizations is disappeared on the detail screen/LC事前申込、組織数が詳細画面から消えている",Critical,2025-06-17 21:21:00,2025-06-25 22:38:00,Bug,8
Numbers don't match on discription check filter & statistic chart / 定性記述検討フィルタリング結果と集計表の数字が合わない,Critical,2025-06-25 14:47:00,2025-07-03 16:37:00,Request for environmental support,8
[SHyyy] SOxxxsurveys have a feedback SHyyy re-creation button that becomes inactive after the feedback SHyyy is created/フィードバックシート再作成ボタンが、フィードバックシート作成後に非活性になるアンケートがある,Blocker,2025-05-27 14:29:00,2025-06-05 07:29:00,Bug,9
Application list is not fully extracted on CSV / 申請一覧がCSVで完全に抽出されない,Critical,2025-06-25 15:29:00,2025-07-04 09:47:00,Bug,9
SOxxx - News＆Quick Access - Top Header News is no longer displayed on the Owner Portal / トップヘッダーニュースはオーナーポータルに表示されなくなりました,Blocker,2025-05-28 16:08:00,2025-06-06 14:24:00,Bug,9
[SOxxx] 「外部サイトに遷移します」の補足文言が申込待ちの優良法人申請レコードに表示されない/Supplemental text 'You will be redirected to an external site' does not appear in the record of good standing applications awaiting application,Major,2025-05-28 23:35:00,2025-06-06 23:30:00,Bug,9
"SHyyy - News Creation - When modifying a News item with the Top Page checkmark checked, the News is not displayed in the Owner Portal - Top Page / トップページのチェックマークがチェックされたニュースを修正すると、そのニュースはオーナーポータルのトップページに表示されません",Critical,2025-05-28 10:20:00,2025-06-06 20:25:00,Bug,9
"When user is a CCI then in the SHyyy screen ""Apply feedback seminar"" button is not displayed/ユーザーがCCI場合SHyyy画面でフィードバックセミナーを設定するボタンが表示されない",Critical,2025-04-21 16:47:00,2025-05-01 17:15:00,Misunderstanding,10
"404 Page not found error displayed when clicking on the ""Confirm the contents"" button on the Enquiry input screen / 問合せ内容入力画面で内容を確認するボタンを押下すると404 Page not found error が表示されている",Blocker,2025-04-28 16:03:00,2025-05-08 16:45:00,Bug,10
SHyyy - News Creation - 'コピーして新規作成' and '公開する' buttons design zooms in and out after checking the '事業所サイトトップページヘッダーに表示する' checkbox / コピーして新規作成'と'公開する'ボタンのデザインが、'事業所サイトトップページヘッダーに表示する'チェックボックスをチェックした後にズームインおよびズームアウトします,Minor,2025-05-30 10:56:00,2025-06-10 09:01:00,Bug,11
"[SOxxx] Application and Status update date may be in French time (CET), SOxxxe date is different depends on time even if it was performed on the same day in Japan time/ご案内送信日とステータス更新日がフランス時間(CET)の可能性がある為、日本時間で同日に実施した場合でも時間帯で日付が異なっている",Critical,2025-05-23 08:27:00,2025-06-03 08:14:00,Bug,11
集計表の文言 定性記述が「訂正」記述になっている/wrong wording on HPM approval support(sales) statistics table,Major,2025-06-09 13:47:00,2025-06-20 13:53:00,New requirement/Change request,11
[Degrade] アンケート開始、終了予定日到来のセールスポータルお知らせで「詳細画面」が2度記載されている/“Details screen” is described twice in the sales portal notice when the survey is scheduled to begin and end,Major,2025-05-19 11:24:00,2025-05-30 17:02:00,Bug,11
"SOxxx -[お申し込みはこちら]のリンクにマウスをホバーすると、色が青から白に変わり、視認できなくなります/When you hover your mouse over [this link to apply], the color changes from blue to white, making it invisible.",Major,2025-05-29 02:14:00,2025-06-09 14:55:00,Bug,11
"In SHyyy screen - email which was set in Lead rep2 (CC) field is not displayed in the ""CC"" of the email. / SHyyy画面で リード担当者２ (CC)欄 に設定されているメールアドレスがメール(MHzzz)でCCの所に含まていない,。",Critical,2025-04-24 20:51:00,2025-05-06 17:35:00,Bug,12
"LCを選択後性別、年代 回答予定者数確認ではい/不明を押してSMEフォームからアンケートを作成した際、LCのアンケートが作成される/After selecting LC, gender and age, press 'Yes'/'Unknown' for the number of expected respondents to create a LC questionnaire from the SME form",Blocker,2025-05-08 12:36:00,2025-05-20 12:48:00,Bug,12
"SHyyyーAn error message displayed when selecting a survey ID with the same　""Expected survey completion date"" in the list of choices/SHyyyー候補リストでアンケ―ト完了予定日が同じのあるアンケートIDを選択する時エラーメッセージが表示されました",Critical,2025-04-24 02:40:00,2025-05-06 15:44:00,,12
PubliSHyyyserEmail' in #17 CSV ‘UC_Contents’ for Datalake has no value/Datalake向けの#17CSV 'UC_Contents'の'PubliSHyyyserEmail'に値がない,Minor,2025-06-17 22:34:00,2025-06-30 15:22:00,Bug,13
"MO060 Email content is easily readable when accessed through internal email addresses; however, it is not readable through external email addresses, the text appears very small/社内メールアドレスでアクセスするとメールの内容は簡単に読めますが、外部メールアドレスでは読めず、テキストが非常に小さく表示されます",Critical,2025-04-25 20:57:00,2025-05-08 16:12:00,Bug,13
[SOxxx] Item name (JP) is incorrect../項目名（日本語）が誤っている,Major,2025-06-10 17:37:00,2025-06-23 17:20:00,Bug,13
"SOxxx-News List - When there are no news items displayed in the Owner Portal - News List, the counter on the page still displays the value 1 / オーナーポータルのニュースリストにニュース項目が表示されていない場合、ページのカウンターはまだ値1を表示します",Major,2025-05-23 10:14:00,2025-06-05 15:47:00,Bug,13
SOxxx-News List - No information message is displayed in the Owner Portal's News List when there are no news items / ニュース項目がない場合、オーナーポータルのニュースリストに情報メッセージは表示されません,Major,2025-05-23 10:08:00,2025-06-05 15:46:00,Bug,13
"The mandatory check is not working on ""other industry field"" and ""EngliSHyyympany name"" /その他の業種や英語表記会社名の必須チェックが機能していない",Critical,2025-04-15 00:33:00,2025-04-28 21:50:00,Bug,13
"When I press the Get Latest Information button, the latest customer information is not reflected in the Sales Office/ Sales rep information field/最新情報を取得ボタンを押下時に、顧客の最新情報が営業店・取扱者情報欄に反映されない",Blocker,2025-04-09 17:02:00,2025-04-23 09:19:00,Bug,14
SHyyy - News Creation - When copying a News item that is already publiSHyyy only the new field '事業所サイト表示カテゴリー' is reset /  公開済みのニュース項目をコピーすると、新しいフィールド「事業所サイト表示カテゴリー」だけがリセットされます,Major,2025-06-02 15:56:00,2025-06-16 08:38:00,Bug,14
"For ”Notice of feedback SHyyy SHyyyng.” - notification doesn't have Title, Type & Category in the owner portal/オーナーポータルに「フィードバックシート共有のお知らせ」のタイトル、種別, カテゴリー はが表示さていない",Critical,2025-04-24 20:14:00,2025-05-08 16:27:00,Bug,14
 [SOxxx] No period in the text directly below the “Application Form Check → Application Process” button./「申請書チェック→申請への流れ」ボタン直下のテキストに句点がない,Major,2025-06-09 14:32:00,2025-06-23 17:20:00,Bug,14
"SHyyy - News Creation - No error message SHyyyd be displayed when ""事業所サイト表示カテゴリー"" is blank /「事業所サイト表示カテゴリー」が空白のとき、エラーメッセージは表示されるべきではありません",Critical,2025-05-23 17:14:00,2025-06-06 20:07:00,Bug,14
"SOxxx - News List - When a News item is created without an ending time, this news is not displayed in the Owner Portal News List / 了時刻なしでニュース項目が作成されると、そのニュースはオーナーポータルのニュースリストに表示されません",Critical,2025-05-30 11:38:00,2025-06-13 18:55:00,Bug,14
"[Automation_degrade] 年収欄で数字以外を入力しても、エラーが表示されるが確認画面に遷移できる/If you enter anything other than a number in the annual income field, an error is displayed but you can go to the confirmation screen.",Critical,2025-05-13 16:43:00,2025-05-28 09:04:00,Bug,15
[Degrade] LC部門有のアンケートで、合計の回答予定者数を編集することができる/Total number of expected respondents can be edited for surveys with LC departments,Critical,2025-05-15 09:15:00,2025-05-30 22:19:00,Bug,15
"[SOxxx] Application deadline date each year, month, date are separated by '-' and there is no Japnaese text ‘year’, ‘month’, or ‘day’ text between those/ お申込み締切日の年月日が-で区切られていて、「年」「月」「日」の表示がない。",Major,2025-05-29 08:04:00,2025-06-13 22:07:00,Bug,15
"[SHyyy,SHyyy,SHyyy] The name of the sales office in the contact column of the survey flyer is missing after 26 digits/アンケートチラシの問合せ先欄の営業店名が26桁以降見切れる",Major,2025-06-10 21:40:00,2025-06-26 09:04:00,Omission in Epic validation,16
RPAの管理表を元にBH120で設定される項目が設定できない/Items to be set in BH120 based on RPA master file cannot be set,Minor,2025-06-10 09:00:00,2025-06-26 08:17:00,New requirement/Change request,16
健康習慣アンケート情報修正時のお知らせにカテゴリが設定されていない/Category is not set in the notification when modifying hpm survey information.,Major,2025-06-10 13:11:00,2025-06-26 17:41:00,Omission in Epic validation,16
"[Degrade] アンケート一覧からアンケート公開をした場合、アンケート詳細画面のステータスが「アンケート進行中」にならない/When a survey is publiSHyyyfrom the survey list, the status on the survey detail screen does not change to “survey in progress”",Critical,2025-05-14 17:26:00,2025-05-30 22:19:00,Bug,16
詳細画面にて変更を加えた際、一覧画面への反映が遅い/slow reflection on HPM approval list page,Critical,2025-06-09 19:01:00,2025-06-26 11:11:00,Doubt,17
Error message is displayed when clicking on the Feedback creation request button even when the count is reflected properly in the Number of expected respondents field/予想される回答者数フィールドにカウントが正しく反映されている場合でも、フィードバック作成リクエスト ボタンをクリックするとエラー メッセージが表示されます,Critical,2025-04-21 17:10:00,2025-05-08 15:38:00,Bug,17
"SOxxx - News Detail - When adding a double quote, an anti-slaSHyyyaracter is added next to it / ダブルクォーテーションを追加すると、その隣にバックスラッシュ文字が追加されます",Major,2025-05-30 08:33:00,2025-06-16 08:31:00,Bug,17
"[Degrade]  [SHyyy, 190] Table layout on the detail screen collapses when the EngliSHyyympany name is edited beyond 32 characters/英語会社名が32文字を超えて編集すると、詳細画面の表レイアウトが崩れる",Minor,2025-05-31 23:39:00,2025-06-18 11:24:00,Bug,18
The button to output the survey flyer does not work in Indicator1 (survey ready) (flyer is not output)/アンケートチラシを出力するボタンがIndicator1(アンケート準備完了)で機能しない(チラシが出力されない),Blocker,2025-03-28 20:38:00,2025-04-15 10:20:00,Bug,18
"SHyyy - News Creation - When creating news for both the Sales and Owner portals without selecting a category, a 'Top Page Header' error message is displayed / カテゴリを選択せずにセールスポータルとオーナーポータルの両方にニュースを作成すると、「トップページヘッダー」エラーメッセージが表示されます",Critical,2025-05-23 15:38:00,2025-06-10 08:58:00,Bug,18
SHyyy-News Creation - A red star SHyyyd be displayed to indicate Mandatory Fields / 必須フィールドを示すために赤い星が表示されるべきです,Major,2025-05-23 11:06:00,2025-06-10 08:52:00,Doubt,18
Unable to create Feedback SHyyy when there are symbols entered in the EngliSHyyympany name field/英語表記会社名欄に記号があったらフィードバックシートシート作成が失敗になります。,Major,2025-04-18 15:12:00,2025-05-06 16:45:00,Bug,18
"When you click the [view the entire VoiceReport page] button on the OwnerPortal's voice report page, the message [404 Not Found] is displayed/OwnerPortalのVoiceReportページに全体を公開サイトで見るボタンをクリックすると[404 Not Found]が表示されています。",Critical,2025-05-08 22:51:00,2025-05-27 02:00:00,Bug,19
"When changing the list menu for industry or whether or not to create an EngliSHyyyrsion, other values ​​being edited in the same section will revert to the value before the change/業種、または英語版作成要否のリストメニューを変更すると、同じセクションの編集中のほか値が変更前に戻ってしまう",Blocker,2025-04-04 23:41:00,2025-04-23 12:02:00,Bug,19
The notification text when outputting the Sales Portal survey remains the same as it was in R6/セールスポータル・アンケート出力時のお知らせ文言がR6時のまま,Critical,2025-03-27 12:31:00,2025-04-15 22:27:00,Omission in Epic validation,19
“for dear all” in the title and address of the survey flyer is not displayed/アンケートチラシのタイトル・宛先の「のみなさま」が表示されない,Critical,2025-03-27 12:26:00,2025-04-15 22:22:00,Bug,19
"In SHyyy, the text ""KK"" is displayed in the Feedback SHyyy creation request button/SHyyyでは、「KK」というテキストがフィードバックシート作成依頼ボタンと一緒に表示されています。",Major,2025-04-25 21:01:00,2025-05-15 14:06:00,Bug,20
日本語、英語版のタイトルがずれている/Japanese and EngliSHyyyrsions of the survey flyer have misplaced titles.,Major,2025-06-06 14:52:00,2025-06-26 11:31:00,New requirement/Change request,20
"[SOxxx] Sentenses does not have line-break, when there is 0 HPM application records/優良法人申請レコード0件時の文言が改行されていない",Minor,2025-05-29 08:14:00,2025-06-18 12:50:00,Bug,20
"Two unnecessary R6 phrases remain in the survey design input screen (SHyyy, 140)/アンケート作成入力画面(SHyyy, 140)にて、不要なR6の文言が2か所残っている。",Major,2025-03-26 13:25:00,2025-04-15 22:12:00,Bug,20
Unnecessary ’/n' is included in the header of the survey type selection screen (SHyyy)/アンケート種類選択画面(SHyyy)のヘッダに不要な/nが含まれている,Major,2025-03-26 12:32:00,2025-04-15 22:03:00,Bug,20
"[SOxxx] In the list of applications at the time of application completed, the right text are not line-breaked making them SOxxxhat difficult to read for users/申込完了時の申請一覧・右文言が改行されていない為、ユーザにとってやや読みづらい",Minor,2025-05-23 08:17:00,2025-06-12 21:26:00,Bug,20
言語切り替えチラシの解像度が低い。The reSOxxxion of the language switching flyer is low.,Major,2025-06-05 21:37:00,2025-06-26 11:32:00,Misunderstanding,21
言語切り替えチラシの問い合わせ欄が表示されていない/Language switch flyer Contact field is not displayed.,Major,2025-06-05 21:35:00,2025-06-26 11:28:00,Misunderstanding,21
外国語版の事業所内連絡先の漢字が中国語になっている。/ Character of foreign flyer is written by Chinese,Minor,2025-06-05 21:32:00,2025-06-26 11:32:00,Bug,21
アンケートチラシに不要な線が表示されている/Unnecessary lines is SHyyy on the survey flyer.,Minor,2025-06-05 21:24:00,2025-06-26 11:29:00,Bug,21
[Degrade] - SOxxx - News Creation - Updated date on News Creation and registration date acting weirdly on Owner Portal / ニュース作成の更新日と登録日はオーナーポータルで異常に挙動しています,Critical,2025-06-10 17:28:00,2025-07-01 08:10:00,Bug,21
"SOxxx - After more than 30 minutes in the list of HPM approval applications, when the year drop-down is re-selected the application record is displayed with all fields with '-'/優良法人申請一覧で30分以上経過後、年度のドロップダウンを再選択すると全項目が-の状態で優良法人申請レコードが表示される",Major,2025-06-06 23:07:00,2025-06-28 22:57:00,Doubt,22
"SOxxx - Cockpitから全部の申請を取り下げすると、申込チェック対象が0件の場合のメッセージが表示されていない/When all applications are withdrawn from the cockpit, the message indicating that there are no applications available　is not displayed.",Major,2025-05-29 02:29:00,2025-06-20 17:41:00,Bug,22
公開前のアンケート修正お知らせが、オーナポータルに表示される/Pre-publication survey modification notices appear in the Owner Portal,Critical,2025-05-19 08:26:00,2025-06-11 01:39:00,Omission in Epic validation,23
Error message appears when updating the number of survey responses/アンケートの回答数を更新すると、エラーメッセージが表示される,Critical,2025-03-30 21:02:00,2025-04-23 11:22:00,Bug,24
"SOxxx - News List - In the '年度' filter the new year SHyyyd be added every April 1st, not on January 1st / '年度'フィルターでは、新年は1月1日ではなく、4月1日に追加されるべきです",Major,2025-06-02 17:21:00,2025-06-26 16:52:00,Bug,24
" [SHyyy] When creating feedback with a seminar, feedback confirmation screen is not closed when error message indicating seminar creation failed/セミナー付でフィードバックを作成時セミナー作成失敗のエラーメッセージが表示された場合、フィードバック確認画面が閉じられない",Major,2025-06-03 23:33:00,2025-06-28 22:57:00,Bug,25
An error message appears when the department name and perSOxxxn charge name are not entered/部署名、ご担当者様氏名の未入力のエラーメッセージが表示される,Critical,2025-04-04 23:31:00,2025-05-01 14:29:00,Bug,27
"In case phone no. exceeds 12 digits or Zip code exceeds 8 digits, error message says 'In case digits exceeds xx,' and no sentenses are displayed after that/電話番号の入力が12桁、また郵便番号の入力が8桁を超える場合「XX文字を超えた場合」というエラーメッセージが表示され、それ以降の文章が表示されない",Critical,2025-04-04 23:18:00,2025-05-01 15:12:00,Bug,27
The password generated when creating the survey causes an error when logging in to the summary page (both Owner Portal and Sales Portal)/アンケート作成時に生成されたパスワードが、サマリページログイン時にエラーになる(オーナポータル、セールスポータルともに),Critical,2025-03-26 10:20:00,2025-04-23 12:59:00,Bug,28
[SOxxx] Blanks and length of the upper right material buttons and supplements on the screen slightly different from US/画面右上資料ボタンと補足の空白や、長さがUSとやや異なる,Minor,2025-05-23 08:58:00,2025-06-20 18:12:00,Bug,28
The date format is displayed as YYYY-MM-DD rather than YYYY/MM/DD/日付形式はYYYY-MM-DDで表示されています,Major,2025-05-15 02:11:00,2025-06-12 14:02:00,Bug,28
RPA Processing Date_Feedback SHyyy in HPM DB is different from the time the feedback was created with the target survey ID/HPM DBのRPA処理日_フィードバックシートが、対象アンケートIDでフィードバックを作成した時間と異なる,Major,2025-05-30 21:00:00,2025-06-28 21:41:00,Bug,29
"When publiSHyyya survey from the list and go to the list of surveys in Owner portal, updated response date becomes '?'/アンケート一覧からアンケートを公開して、オーナポータルのアンケート一覧に遷移すると回答数更新日が'?'になる",Critical,2025-04-02 20:50:00,2025-05-02 20:49:00,Bug,30
"[Degrade] In the list of completed questionnaires, press the refreSHyyytton and the ‘object object object’ will appear around the pie chart/アンケート準備完了のアンケートが表示されている一覧で、更新ボタンを押すと パイチャート周囲に'object Object'が表示される",Critical,2025-04-02 20:39:00,2025-05-02 21:29:00,Bug,30
One extra blank page is printed out on the Japanese version of the survey flyer/日本語版のアンケートチラシで余分な空白ページが1枚出力される,Critical,2025-03-26 11:10:00,2025-04-25 18:55:00,Bug,30
"MO060 -The font size in the email is incorrect, and the line spacing is excessive/MO060 -メールのフォントサイズが不適切で、行間が広すぎます",Major,2025-04-25 20:49:00,2025-05-27 15:21:00,Bug,32
SHyyy画面_検索結果の法人・団体名が30桁までのみ表示されている/SHyyy screen_The names of corporations and organizations in the search results are displayed only up to 30 digits,Major,2025-05-12 16:16:00,2025-06-13 22:11:00,Bug,32
Survey flyer creation complete toast does not disappear like other toast messages after it is displayed/アンケートチラシ作成完了のトーストが表示後、他トーストメッセージのように消えない,Major,2025-03-26 11:45:00,2025-04-28 22:17:00,Bug,33
RPA_Annual process date is blank even after annual date chart is created to respective survey ID at HPM DB /HPM DBのRPA処理日_経年評価表が、対象アンケートIDで経年評価表を作成していても空白になっている,Critical,2025-05-07 22:42:00,2025-06-11 00:03:00,Bug,35
The entry validation check for expected respondents etc are not correct/回答者予定者数等の入力チェックが正しくない,Major,2025-04-23 19:08:00,2025-05-28 17:31:00,Bug,35
Creation date does not align with the form generation date in the Annual Chart download/publiSHyyypup/経年評価表のダウンロード・公開ポップアップにおいて、作成日が帳票システム日付と一致していない。,Major,2025-04-29 02:30:00,2025-06-04 02:36:00,Bug,36
SHyyy画面_上部文言の末尾行インデントがない/SHyyy screen_no trailing line indent in upper text,Minor,2025-05-12 16:09:00,2025-06-19 13:46:00,Omission in Epic validation,38
"If you enter your annual income in full-width characters, no errors will be displayed for each item, but a correction error message will be displayed when you save/全角で年収を入力すると、項目別のエラーは出ず保存時に修正エラーのメッセージが表示される",Major,2025-04-19 16:06:00,2025-05-28 09:10:00,Bug,39
SHyyy- On clicking send button an error message is not displayed when a user navigates away from the screen or remains inactive for more than 30 minutes/SHyyy - ユーザーが画面から離れるか、30分以上非アクティブになると送信ボタンを押下する時エラーメッセージが表示されない,Major,2025-04-26 03:33:00,2025-06-04 01:11:00,Misunderstanding Issues on ALJ side,39
MHzzz-Links are not embedded in the email /MHzzz -メールにリンクが埋め込まれていない,Major,2025-04-24 20:02:00,2025-06-04 18:20:00,New requirement/Change request,41
"Even after 30 minutes or more has passed while the survey detail screen is still being edited, changes can be saved and reflected/編集中のアンケート詳細画面のまま30分以上経っても、変更内容の保存・反映操作ができる",Critical,2025-04-19 16:27:00,2025-06-03 14:42:00,Misunderstanding Issues on ALJ side,45
お問合せーSOxxx画面で入力した情報はSOxxx画面で表示されていない/Contents entered in the enquiry form input screen is not dislayed in Enquiry form confirmation screen,Major,2025-03-28 19:22:00,2025-05-15 14:18:00,Bug,48
The description on the Sales Portal Survey Details screen remains in the R6 section/セールスポータル・アンケート詳細画面の説明文がR6の断面になったままである,Major,2025-04-05 00:05:00,2025-05-23 10:21:00,Bug,48
R6 red text remains in the header of the survey leaflet creation confirmation screen (SHyyy)/アンケートチラシ作成確認画面(SHyyy)のヘッダにR6の赤字文言が残っている,Critical,2025-03-26 12:15:00,2025-05-14 08:08:00,Bug,49
Full-half-width input checks at the Corporate/Organization Information section is not implemented when editing survey detail screen/アンケート詳細画面の編集時の法人・団体情報欄の全角/半角入力チェックが実装されていない,Major,2025-04-09 10:00:00,2025-05-28 09:10:00,Bug,49
"If the total number of respondents changes due to changes in the number of respondents for each department, no notification of survey revisions will be sent/部署毎の各回答予定者数を変えて合計予定者数が変わった場合、アンケート修正の通知が出ない",Major,2025-04-11 20:28:00,2025-05-31 00:50:00,Bug,50
"SHyyy - Error message is incorrect for the survey creation request date is prior to December 14, 2023/アンケート作成依頼日が2023年12月14日以前の場合のエラーメッセージが正しくない",Major,2025-04-23 14:27:00,2025-06-13 18:01:00,Bug,51
"(When editing multiple section at the same time) After changing one section at survey detail screen, pressing either Cancel or Save button resets changes in the other section to original state/(複数欄を同時に編集した場合) アンケート詳細の欄を変更後キャンセル/保存ボタンどちらを押しても、その他の欄の変更内容が戻る",Critical,2025-04-11 21:23:00,2025-06-03 15:51:00,Bug,53
"[Degrade] When the “PubliSHyyyyer” button is pressed, the confirmation popup is not displayed if the survey end date overlaps with compared survey start date/チラシ公開ボタンを押下時、終了日が比較元のアンケート開始日と重複している場合は確認ポップアップが表示されない",Critical,2025-03-27 15:24:00,2025-05-20 17:29:00,Bug,54
Multiple session error does not occur when the survey detail screen is open and an account of another corporation is opened/アンケート詳細画面を開いている状態で、別の法人のアカウントを開いた場合複数セッションエラーとならない。,Major,2025-04-24 16:18:00,2025-06-19 17:57:00,Bug,56
The internal address field and applicant field on the survey details screen are already filled in when the survey was created/アンケート詳細画面の社内宛先欄・申請者がアンケート作成時にすでに値が入っている,Major,2025-04-09 09:23:00,2025-06-05 08:36:00,Bug,57
"EngliSHyyyrvey flyer does not have brackets 『』 in the name of the corporation, while Vietnamese has only open bracket『.  instead/ アンケートチラシ英語版の法人名に括弧『』がない、ベトナム版は『のみある状態になっている",Major,2025-03-28 21:35:00,2025-05-26 19:43:00,Bug,59
'What is health management?' is double underlined only in the Vietnamese version of the flyer/「健康経営って何?」の見出し下線がベトナム版のみ二重になっている,Major,2025-03-28 21:26:00,2025-05-26 19:43:00,Bug,59
Do you want to close your survey request?' is duplicated in the title and at the beginning of the body (SHyyy)/「アンケートの作成依頼を閉じますか？」の文言が表題と本文冒頭で(SHyyy)重複している,Major,2025-03-27 20:03:00,2025-05-26 19:23:00,Bug,60
"Survey flyer output not possible message only displays ""An error has occurred""/アンケートチラシ出力不可のメッセージが「エラーが発生しました」のみ表示",Minor,2025-04-19 17:31:00,2025-06-19 14:19:00,Bug,61
The line spacing on the survey type selection screen (SHyyy) differs from the requirement for two locations/アンケート種類選択画面(SHyyy)の行間が2か所、要件と異なる,Major,2025-03-26 13:08:00,2025-05-26 22:01:00,Bug,61
"In the Chinese version of the survey flyer, the last two characters '写。' in expected completion date column were missing/中国版アンケートチラシにて、完了予定日欄の文言末尾2文字「写。」が抜けていた",Major,2025-03-27 23:44:00,2025-05-28 08:29:00,Bug,62
"When user opens surveys before R6, system allows to save blank fields in branch and perSOxxxsection, even though screen SHyyy all fields are mandatory to be entried/ユーザーが R6 以前のアンケートを開くと、画面上項目が必須であることが表示されるにも関わらず、担当店と取扱者セクションが空欄でも保存できる",Major,2025-04-11 21:13:00,2025-06-12 22:14:00,Bug,62
The wording of the Sales Portal Indicator-Status 1 is different. There is no wording in red under the button/セールスポータルIndicator・ステータス1の文言が異なる。ボタン下の赤字文言もない,Critical,2025-03-27 12:04:00,2025-05-29 23:13:00,New requirement/Change request,63
"In the search results on the survey re-response screen, the link to re-request the survey is broken/アンケート再回答画面の検索結果にて、アンケート再依頼のリンクが切れて表示されている",Major,2025-04-01 22:39:00,2025-06-06 23:36:00,Bug,66
"Multiple emails[MHzzz] and multiple notifications are sent, even though we requested the creation of the feedback SHyyy only once/フィードバックシートの作成依頼を一度だけ行ったにもかかわらず、複数のメール[MHzzz]と通知が送信されます。",Critical,2025-04-24 19:43:00,2025-07-02 23:39:00,Bug,69
"If you create an EngliSHyyympany name with 32 or more characters on the survey request screen, the 32nd character will be cut off on the owner portal details screen/アンケート依頼画面で英語表記会社名を32桁以上で作成すると、オーナポータル詳細画面で見切れる(32桁目)",Major,2025-04-04 23:50:00,2025-06-13 22:21:00,Bug,70
Industry and other input details are displayed in a separate field at the end of the survey detail screen/業種その他の入力内容がアンケート詳細画面の末尾欄別項目に表示される,Major,2025-03-28 17:00:00,2025-06-08 21:37:00,Bug,72
Survey entry screen(SHyyy)_Incomplete wording in tooltip for feedback SHyyy EngliSHyyyme /アンケート入力画面(SHyyy)_フィードバックシート英語表記名のツールチップの文言不備,Minor,2025-04-01 20:54:00,2025-06-18 11:41:00,Bug,78
"In case EngliSHyyympany name is lengthy, it is displayed ahead from other fields at SHyyy (Survey entry confirmation screen)/英文社名が長い場合は、SHyyy（アンケート入力確認画面）で他の項目より前に表示されます",Minor,2025-03-30 21:28:00,2025-06-18 11:48:00,Bug,80
Lead ID is not displayed in the Voice report screen/VoiceReportの認定企業情報詳細ページにリードIDが表示されていない,Minor,2025-03-25 20:03:00,2025-06-24 14:07:00,Bug,91
SOxxx_Mismatch between wording in screen and button name/画面内の文言とボタン名の不一致,Critical,2025-01-10 15:14:00,2025-05-13 11:12:00,New requirement/Change request,123
Menu doesn't respond on a phone screen./スマホ画面だとメニューが反応しない,Critical,2024-11-21 15:45:00,2025-07-04 17:12:00,Bug,225
Screen ID is displayed on tab/[Bug HPM-R4-2R5] タブに画面IDが表示されている (#040),Major,2024-02-20 10:09:00,,New requirement/Change request,#NUM!
Icons other than the operated item are alSOxxxaded/操作対象以外のアイコンもローディングされる,Minor,2024-12-23 10:30:00,,Bug,#NUM!
SHyyy/SHyyy - The '選択' option is selectable in both the Sales Portal - News List and News Creation / 選択」オプションは営業ポータルのニュースリストとニュース作成の両方で選択可能です,Major,2025-05-30 10:37:00,,Omission in Epic validation,#NUM!
"[Sales_Indicator] When creating FB, red message is displayed if 2 or less entries. But after refreSHyyy the detail screen, screen needs to be refreSHyyyagain even if 3 or more entries/FB作成時にアンケート2名以下の場合赤字メッセージが表示されるが、詳細画面をリフレッシュ後3件以上になった場合も再度リフレッシュが必要",Major,2025-06-02 21:52:00,,Bug,#NUM!
